Position,Song,Artist,Album,Total Weighted Points,Streams,Sales,Airplay,Streams Points,Sales Points,Airplay Points,Streams Units,Sales Units,Airplay Units,Avg Streams %,Avg Sales %,Avg Airplay %,Total Units,Total Current Week Points,Sum Previous Week Points,Sum Two Weeks Ago Points,Peak,Weeks On Chart,Peak Streak,Album Cover
1,Nice Guys Finish Last,Green Day,Nimrod,12534,778,704,127,3890,2112,254,38900000,2112000,12700000,0.7014,0.0394,0.2597,53712000,6256,3770,2508,1,66,7,https://lastfm.freetls.fastly.net/i/u/300x300/cc7bcc37cf9f88e4700dfb9500d1b241.jpg
2,All Too Well (Taylor's Version),Taylor Swift,Red (Taylor's Version),11728,832,638,285,4160,1914,570,41600000,1914000,28500000,0.581,0.0309,0.3871,72014000,6644,3090,1994,1,113,7,https://lastfm.freetls.fastly.net/i/u/300x300/a758908e6e86dcecbb199c4b19acb799.jpg
3,22 (Taylor's Version),Taylor Swift,Red (Taylor's Version),9606,671,511,231,3355,1533,462,33550000,1533000,23100000,0.5421,0.0285,0.4306,58183000,5350,2588,1668,1,95,5,https://lastfm.freetls.fastly.net/i/u/300x300/a758908e6e86dcecbb199c4b19acb799.jpg
4,Hitchin' a Ride,Green Day,Nimrod,9602,611,567,92,3055,1701,184,30550000,1701000,9200000,0.6858,0.0392,0.2737,41451000,4940,2827,1835,2,60,7,https://lastfm.freetls.fastly.net/i/u/300x300/cc7bcc37cf9f88e4700dfb9500d1b241.jpg
5,Forever & Always (Taylor’s Version),Taylor Swift,Fearless (Taylor's Version),9105,713,404,247,3565,1212,494,35650000,1212000,24700000,0.5515,0.0288,0.4206,61562000,5271,2372,1462,1,72,5,https://lastfm.freetls.fastly.net/i/u/300x300/1aaa3638ee0bfee0ba8089c78ad63b26.jpg
6,We Are Never Ever Getting Back Together (Taylor's Version),Taylor Swift,Red (Taylor's Version),8842,630,430,248,3150,1290,496,31500000,1290000,24800000,0.5303,0.0273,0.442,57590000,4936,2362,1544,1,104,2,https://lastfm.freetls.fastly.net/i/u/300x300/a758908e6e86dcecbb199c4b19acb799.jpg
7,Breakaway,Kelly Clarkson,Breakaway,8787,552,518,96,2760,1554,192,27600000,1554000,9600000,0.678,0.0396,0.2823,38754000,4506,2578,1703,2,70,1,https://lastfm.freetls.fastly.net/i/u/300x300/82319aa62c8ffc147a31fae6c0cdb370.jpg
8,Style (Taylor's Version),Taylor Swift,1989 (Taylor's Version),8785,570,473,141,2850,1419,282,28500000,1419000,14100000,0.6285,0.0343,0.3372,44019000,4551,2541,1693,2,54,2,https://lastfm.freetls.fastly.net/i/u/300x300/f58d29605321bc6e1ee4da6ae5a0cb4a.jpg
9,I Knew You Were Trouble (Taylor's Version),Taylor Swift,Red (Taylor's Version),8189,614,424,247,3070,1272,494,30700000,1272000,24700000,0.5503,0.0299,0.4201,56672000,4836,2074,1279,1,90,1,https://lastfm.freetls.fastly.net/i/u/300x300/a758908e6e86dcecbb199c4b19acb799.jpg
10,Red (Taylor's Version),Taylor Swift,Red (Taylor's Version),8109,621,415,304,3105,1245,608,31050000,1245000,30400000,0.5226,0.0275,0.4505,62695000,4958,2012,1139,1,107,1,https://lastfm.freetls.fastly.net/i/u/300x300/a758908e6e86dcecbb199c4b19acb799.jpg
11,Uptight,Green Day,Nimrod,8048,501,479,56,2505,1437,112,25050000,1437000,5600000,0.7492,0.0436,0.2069,32087000,4054,2406,1588,1,36,6,https://lastfm.freetls.fastly.net/i/u/300x300/cc7bcc37cf9f88e4700dfb9500d1b241.jpg
12,You Belong with Me (Taylor’s Version),Taylor Swift,Fearless (Taylor's Version),8015,589,411,170,2945,1233,340,29450000,1233000,17000000,0.541,0.0291,0.4306,47683000,4518,2083,1414,1,68,4,https://lastfm.freetls.fastly.net/i/u/300x300/1aaa3638ee0bfee0ba8089c78ad63b26.jpg
13,Midnight Rain,Taylor Swift,Midnights (3am Edition),7979,565,390,244,2825,1170,488,28250000,1170000,24400000,0.5443,0.0274,0.4286,53820000,4483,2101,1395,1,69,2,https://lastfm.freetls.fastly.net/i/u/300x300/8cf29cb75e6adfb8700b1665105a0ac8.jpg
14,Wake Me Up When September Ends,Green Day,American Idiot,7389,472,435,80,2360,1305,160,23600000,1305000,8000000,0.6947,0.04,0.2655,32905000,3825,2162,1402,1,49,2,https://lastfm.freetls.fastly.net/i/u/300x300/5bcb675866706c229ad9f77188b8ac44.jpg
15,Look Ma No Brains!,Green Day,Look Ma No Brains!,7172,488,371,110,2440,1113,220,24400000,1113000,11000000,0.6337,0.0346,0.3315,36513000,3773,2063,1336,1,41,6,
16,Helena,My Chemical Romance,Three Cheers for Sweet Revenge,7102,464,454,63,2320,1362,126,23200000,1362000,6300000,0.7077,0.0415,0.2506,30862000,3808,2020,1274,3,53,1,https://lastfm.freetls.fastly.net/i/u/300x300/09cb27a9f908354fd210a07830951791.png
17,LOVE DIVE,IVE,LOVE DIVE,7072,492,456,103,2460,1368,206,24600000,1368000,10300000,0.6196,0.0354,0.3446,36268000,4034,1844,1194,1,69,4,https://lastfm.freetls.fastly.net/i/u/300x300/e9c0075644fc7c781455f4c34e954e7e.jpg
18,I'm Not Okay (I Promise),My Chemical Romance,Three Cheers for Sweet Revenge,7062,463,454,58,2315,1362,116,23150000,1362000,5800000,0.7247,0.0431,0.2318,30312000,3793,2010,1259,3,49,1,https://lastfm.freetls.fastly.net/i/u/300x300/09cb27a9f908354fd210a07830951791.png
19,Dead!,My Chemical Romance,The Black Parade,6932,469,455,64,2345,1365,128,23450000,1365000,6400000,0.6994,0.0409,0.2598,31215000,3838,1896,1198,3,54,2,https://lastfm.freetls.fastly.net/i/u/300x300/7675defb2787ce67cd030081eb8ff77c.png
20,Blank Space (Taylor's Version),Taylor Swift,1989 (Taylor's Version),6869,435,379,91,2175,1137,182,21750000,1137000,9100000,0.6916,0.0405,0.2678,31987000,3494,2035,1340,1,37,2,https://lastfm.freetls.fastly.net/i/u/300x300/f58d29605321bc6e1ee4da6ae5a0cb4a.jpg
21,After LIKE,IVE,After LIKE,6710,458,392,121,2290,1176,242,22900000,1176000,12100000,0.5912,0.0335,0.3765,36176000,3708,1825,1177,1,60,5,https://lastfm.freetls.fastly.net/i/u/300x300/28ef1a80f80920cb8c84192ad66f8aac.jpg
22,Shake It Off (Taylor's Version),Taylor Swift,1989 (Taylor's Version),6631,425,371,79,2125,1113,158,21250000,1113000,7900000,0.6611,0.0379,0.3013,30263000,3396,1955,1280,1,38,3,https://lastfm.freetls.fastly.net/i/u/300x300/f58d29605321bc6e1ee4da6ae5a0cb4a.jpg
23,Redundant,Green Day,Nimrod,6607,445,381,121,2225,1143,242,22250000,1143000,12100000,0.6046,0.034,0.3616,35493000,3610,1845,1152,1,57,1,https://lastfm.freetls.fastly.net/i/u/300x300/cc7bcc37cf9f88e4700dfb9500d1b241.jpg
24,Wildest Dreams (Taylor's Version),Taylor Swift,Wildest Dreams (Taylor's Version),6357,421,365,127,2105,1095,254,21050000,1095000,12700000,0.5487,0.0311,0.4223,34845000,3454,1789,1114,1,64,8,https://lastfm.freetls.fastly.net/i/u/300x300/23b25b0848522ddb677cb8011288a713.jpg
25,FEARLESS,LE SSERAFIM,FEARLESS,6334,450,329,124,2250,987,248,22500000,987000,12400000,0.6069,0.0337,0.3591,35887000,3485,1746,1103,1,65,3,https://lastfm.freetls.fastly.net/i/u/300x300/e9241af49d5f63f63cf1b000a4276f46.png
26,Holy Ground (Taylor's Version),Taylor Swift,Red (Taylor's Version),6325,470,344,152,2350,1032,304,23500000,1032000,15200000,0.5397,0.028,0.4326,39732000,3686,1546,1093,1,61,1,https://lastfm.freetls.fastly.net/i/u/300x300/a758908e6e86dcecbb199c4b19acb799.jpg
27,Fresh Out the Slammer,Taylor Swift,THE TORTURED POETS DEPARTMENT: THE ANTHOLOGY,6284,433,374,92,2165,1122,184,21650000,1122000,9200000,0.6447,0.0358,0.32,31972000,3471,1727,1086,1,45,1,https://lastfm.freetls.fastly.net/i/u/300x300/3e9934e3815f2949acc34415d8931aea.jpg
28,She's So Mean,Matchbox Twenty,North (Deluxe Edition),5792,413,342,107,2065,1026,214,20650000,1026000,10700000,0.5831,0.032,0.3839,32376000,3305,1522,965,1,59,1,https://lastfm.freetls.fastly.net/i/u/300x300/e83aa4de0c404dafb2fbed94789c903b.jpg
29,American Idiot,Green Day,American Idiot,5700,377,357,67,1885,1071,134,18850000,1071000,6700000,0.6553,0.0374,0.3072,26621000,3090,1558,1052,1,47,1,https://lastfm.freetls.fastly.net/i/u/300x300/5bcb675866706c229ad9f77188b8ac44.jpg
30,Treacherous (Taylor's Version),Taylor Swift,Red (Taylor's Version),5654,405,334,150,2025,1002,300,20250000,1002000,15000000,0.525,0.029,0.4467,36252000,3327,1442,885,2,82,1,https://lastfm.freetls.fastly.net/i/u/300x300/a758908e6e86dcecbb199c4b19acb799.jpg
31,Mad Season,Matchbox Twenty,Mad Season,5378,346,335,28,1730,1005,56,17300000,1005000,2800000,0.7871,0.0459,0.1682,21105000,2791,1572,1015,1,17,4,https://lastfm.freetls.fastly.net/i/u/300x300/168a070f9a7e74269cdff242cbe738a6.jpg
32,What's My Age Again?,blink-182,Enema of the State,5355,354,331,54,1770,993,108,17700000,993000,5400000,0.6874,0.0385,0.2738,24093000,2871,1526,958,1,34,2,https://lastfm.freetls.fastly.net/i/u/300x300/fa585497562506b87fd59b41dfc53ff7.jpg
33,Scattered,Green Day,Nimrod,5224,352,345,47,1760,1035,94,17600000,1035000,4700000,0.669,0.0388,0.293,23335000,2889,1425,910,3,40,2,https://lastfm.freetls.fastly.net/i/u/300x300/cc7bcc37cf9f88e4700dfb9500d1b241.jpg
34,Sports car,Tate McRae,So Close to What,5072,348,287,51,1740,861,102,17400000,861000,5100000,0.7575,0.0417,0.2017,23361000,2703,1454,915,1,12,4,https://lastfm.freetls.fastly.net/i/u/300x300/2c927d26b092260dee2e79d4864c1de7.png
35,Guilty as Sin?,Taylor Swift,THE TORTURED POETS DEPARTMENT: THE ANTHOLOGY,5039,340,323,49,1700,969,98,17000000,969000,4900000,0.6903,0.0397,0.2694,22869000,2767,1398,874,3,35,2,https://lastfm.freetls.fastly.net/i/u/300x300/3e9934e3815f2949acc34415d8931aea.jpg
36,Since U Been Gone,Kelly Clarkson,Breakaway,5000,319,315,54,1595,945,108,15950000,945000,5400000,0.667,0.0392,0.296,22295000,2648,1424,928,9,50,2,https://lastfm.freetls.fastly.net/i/u/300x300/82319aa62c8ffc147a31fae6c0cdb370.jpg
37,The Static Age,Green Day,21st Century Breakdown,4914,318,318,33,1590,954,66,15900000,954000,3300000,0.6712,0.0397,0.2912,20154000,2610,1404,900,4,33,1,https://lastfm.freetls.fastly.net/i/u/300x300/72a314e1e9064a0418159b144fe1ad72.jpg
38,I Don't Love You,My Chemical Romance,The Black Parade,4898,313,309,46,1565,927,92,15650000,927000,4600000,0.685,0.0402,0.2757,21177000,2584,1403,911,6,42,2,https://lastfm.freetls.fastly.net/i/u/300x300/7675defb2787ce67cd030081eb8ff77c.png
39,Too Much Too Soon,Green Day,American Idiot (Deluxe),4882,296,295,41,1480,885,82,14800000,885000,4100000,0.6662,0.04,0.2933,19785000,2447,1465,970,5,39,1,https://lastfm.freetls.fastly.net/i/u/300x300/b1bc267e9e799d1d9f026e5cf7e03369.jpg
40,Before the Lobotomy,Green Day,21st Century Breakdown,4869,334,317,43,1670,951,86,16700000,951000,4300000,0.6787,0.0377,0.2823,21951000,2707,1340,822,1,30,2,https://lastfm.freetls.fastly.net/i/u/300x300/72a314e1e9064a0418159b144fe1ad72.jpg
41,This Love (Taylor’s Version),Taylor Swift,This Love (Taylor’s Version),4824,320,304,63,1600,912,126,16000000,912000,6300000,0.5759,0.033,0.3917,23212000,2638,1339,847,1,46,1,https://lastfm.freetls.fastly.net/i/u/300x300/58247e8ed24facfb442de3d7d69a76ac.png
42,Whatsername,Green Day,American Idiot,4802,317,315,43,1585,945,86,15850000,945000,4300000,0.6839,0.0407,0.2754,21095000,2616,1304,882,8,41,2,https://lastfm.freetls.fastly.net/i/u/300x300/5bcb675866706c229ad9f77188b8ac44.jpg
43,Welcome to the Black Parade,My Chemical Romance,The Black Parade,4739,302,290,56,1510,870,112,15100000,870000,5600000,0.6539,0.0377,0.3075,21570000,2492,1376,871,3,44,1,https://lastfm.freetls.fastly.net/i/u/300x300/7675defb2787ce67cd030081eb8ff77c.png
44,My Boy Only Breaks His Favorite Toys,Taylor Swift,THE TORTURED POETS DEPARTMENT: THE ANTHOLOGY,4737,315,299,60,1575,897,120,15750000,897000,6000000,0.6659,0.0392,0.2951,22647000,2592,1315,830,2,39,1,https://lastfm.freetls.fastly.net/i/u/300x300/3e9934e3815f2949acc34415d8931aea.jpg
45,Begin Again (Taylor's Version),Taylor Swift,Red (Taylor's Version),4458,373,233,186,1865,699,372,18650000,699000,18600000,0.5018,0.0252,0.4732,37949000,2936,959,563,5,62,2,https://lastfm.freetls.fastly.net/i/u/300x300/a758908e6e86dcecbb199c4b19acb799.jpg
46,Sugar We're Goin Down,Fall Out Boy,From Under the Cork Tree,4441,295,289,33,1475,867,66,14750000,867000,3300000,0.6852,0.041,0.2745,18917000,2408,1229,804,1,31,5,https://lastfm.freetls.fastly.net/i/u/300x300/73ff2d6aea6d465ac6b9a697ce4c6168.png
47,2 hands,Tate McRae,So Close to What,4410,298,258,40,1490,774,80,14900000,774000,4000000,0.8058,0.0467,0.1483,19674000,2344,1266,800,1,12,2,https://lastfm.freetls.fastly.net/i/u/300x300/2c927d26b092260dee2e79d4864c1de7.png
48,Bobby Sox,Green Day,Saviors,4377,300,300,35,1500,900,70,15000000,900000,3500000,0.6451,0.0383,0.3149,19400000,2470,1150,757,1,35,1,https://lastfm.freetls.fastly.net/i/u/300x300/f574fa1b6a5f8b213d5bff91d4273d29.jpg
49,O.O,NMIXX,AD MARE,4151,296,248,79,1480,744,158,14800000,744000,7900000,0.5879,0.0329,0.3796,23444000,2382,1081,688,1,48,2,https://lastfm.freetls.fastly.net/i/u/300x300/86ebef5446dd101ceb6cd84b26e5769a.jpg
50,All the Time,Green Day,Nimrod,4099,283,263,51,1415,789,102,14150000,789000,5100000,0.6755,0.0384,0.2858,20039000,2306,1099,694,2,31,1,https://lastfm.freetls.fastly.net/i/u/300x300/cc7bcc37cf9f88e4700dfb9500d1b241.jpg
51,King for a Day,Green Day,Nimrod,4082,275,271,44,1375,813,88,13750000,813000,4400000,0.631,0.0363,0.3338,18963000,2276,1092,714,3,40,1,https://lastfm.freetls.fastly.net/i/u/300x300/cc7bcc37cf9f88e4700dfb9500d1b241.jpg
52,21 Guns,Green Day,21st Century Breakdown,3993,257,230,64,1285,690,128,12850000,690000,6400000,0.5886,0.0336,0.3781,19940000,2103,1138,752,4,42,1,https://lastfm.freetls.fastly.net/i/u/300x300/72a314e1e9064a0418159b144fe1ad72.jpg
53,Ditto,NewJeans,Ditto,3954,264,228,66,1320,684,132,13200000,684000,6600000,0.5866,0.032,0.3834,20484000,2136,1087,731,1,35,1,https://lastfm.freetls.fastly.net/i/u/300x300/60be96821e518fa1dad9d952b10c9574.gif
54,I Do Not Hook Up,Kelly Clarkson,All I Ever Wanted,3911,248,234,39,1240,702,78,12400000,702000,3900000,0.6938,0.04,0.2648,17002000,2020,1145,746,1,29,1,https://lastfm.freetls.fastly.net/i/u/300x300/6eb2d8d5b34d5744320e1a0e260085d9.png
55,Too Dumb To Die,Green Day,Revolution Radio,3854,249,242,23,1245,726,46,12450000,726000,2300000,0.6989,0.0411,0.2626,15476000,2017,1113,724,1,19,1,https://lastfm.freetls.fastly.net/i/u/300x300/85bb7980e17a99a79e70746c62c3f43e.jpg
56,Feeling This,blink-182,blink-182,3846,247,244,18,1235,732,36,12350000,732000,1800000,0.7769,0.0456,0.1781,14882000,2003,1123,720,1,16,1,https://lastfm.freetls.fastly.net/i/u/300x300/66f1cec75fe04b7c869712c55fd24528.png
57,The Rock Show,blink-182,Take Off Your Pants and Jacket,3840,248,240,27,1240,720,54,12400000,720000,2700000,0.6658,0.0374,0.2974,15820000,2014,1103,723,1,19,3,https://lastfm.freetls.fastly.net/i/u/300x300/d1556c35364e423efbfaf1bb0c42663e.png
58,1981,Green Day,Saviors,3838,249,222,60,1245,666,120,12450000,666000,6000000,0.5669,0.0323,0.4023,19116000,2031,1098,709,1,39,1,https://lastfm.freetls.fastly.net/i/u/300x300/f574fa1b6a5f8b213d5bff91d4273d29.jpg
59,Basket Case,Green Day,Dookie,3833,252,237,44,1260,711,88,12600000,711000,4400000,0.6561,0.0371,0.3081,17711000,2059,1065,709,2,31,1,https://lastfm.freetls.fastly.net/i/u/300x300/2248e72411992639ffa8ab94ba97a631.jpg
60,Attention,NewJeans,NewJeans 1st EP 'New Jeans',3810,264,263,42,1320,789,84,13200000,789000,4200000,0.6427,0.0376,0.32,18189000,2193,979,638,1,41,1,https://lastfm.freetls.fastly.net/i/u/300x300/6b11d36a21405b894d8b198e225edc09.png
61,Extraordinary Girl / Letterbomb,Green Day,American Idiot,3787,251,223,45,1255,669,90,12550000,669000,4500000,0.6962,0.0376,0.2657,17719000,2014,1074,699,2,21,3,https://lastfm.freetls.fastly.net/i/u/300x300/5bcb675866706c229ad9f77188b8ac44.jpg
62,Dilemma,Green Day,Dilemma,3783,250,250,47,1250,750,94,12500000,750000,4700000,0.5819,0.0347,0.3836,17950000,2094,1030,659,7,47,1,https://lastfm.freetls.fastly.net/i/u/300x300/0d2967df427f2ba3d20ec852fdc26834.jpg
63,Extraordinary Girl,Green Day,American Idiot,3709,251,251,32,1255,753,64,12550000,753000,3200000,0.6474,0.0378,0.3135,16503000,2072,990,647,1,23,2,https://lastfm.freetls.fastly.net/i/u/300x300/5bcb675866706c229ad9f77188b8ac44.jpg
64,Bejeweled,Taylor Swift,Midnights (3am Edition),3679,267,190,123,1335,570,246,13350000,570000,12300000,0.4887,0.025,0.4887,26220000,2151,933,595,5,46,2,https://lastfm.freetls.fastly.net/i/u/300x300/8cf29cb75e6adfb8700b1665105a0ac8.jpg
65,Jet Lag (feat. Natasha Bedingfield),Simple Plan,Get Your Heart On! (Deluxe Edition),3663,240,217,28,1200,651,56,12000000,651000,2800000,0.7517,0.0433,0.2056,15451000,1907,1070,686,1,18,1,https://lastfm.freetls.fastly.net/i/u/300x300/30a16584138b41e8b8753314724c12b0.jpg
66,Uptown Girl,Westlife,Coast to Coast (Expanded Edition),3587,254,223,64,1270,669,128,12700000,669000,6400000,0.5936,0.0331,0.3724,19769000,2067,933,587,1,42,2,https://lastfm.freetls.fastly.net/i/u/300x300/02cdcba26891ffae5fa9081995302a4b.png
67,Always,blink-182,blink-182,3584,241,232,21,1205,696,42,12050000,696000,2100000,0.7681,0.045,0.1862,14846000,1943,1022,619,3,16,1,https://lastfm.freetls.fastly.net/i/u/300x300/66f1cec75fe04b7c869712c55fd24528.png
68,Teenagers,My Chemical Romance,The Black Parade,3550,237,236,34,1185,708,68,11850000,708000,3400000,0.6806,0.0403,0.2788,15958000,1961,975,614,7,33,1,https://lastfm.freetls.fastly.net/i/u/300x300/7675defb2787ce67cd030081eb8ff77c.png
69,Now That We Don't Talk (Taylor's Version) (From the Vault),Taylor Swift,1989 (Taylor's Version),3534,234,189,49,1170,567,98,11700000,567000,4900000,0.6876,0.0381,0.2733,17167000,1835,1029,670,1,21,1,https://lastfm.freetls.fastly.net/i/u/300x300/f58d29605321bc6e1ee4da6ae5a0cb4a.jpg
70,Revolving Door,Tate McRae,So Close to What,3463,225,225,12,1125,675,24,11250000,675000,1200000,0.8117,0.0492,0.1383,13125000,1824,1003,636,3,12,3,https://lastfm.freetls.fastly.net/i/u/300x300/2c927d26b092260dee2e79d4864c1de7.png
71,If You're Gone,Matchbox Twenty,Mad Season,3451,224,223,19,1120,669,38,11200000,669000,1900000,0.7639,0.0456,0.1894,13769000,1827,991,633,2,18,1,https://lastfm.freetls.fastly.net/i/u/300x300/168a070f9a7e74269cdff242cbe738a6.jpg
72,I Look in People's Windows,Taylor Swift,THE TORTURED POETS DEPARTMENT: THE ANTHOLOGY,3434,216,211,33,1080,633,66,10800000,633000,3300000,0.6738,0.04,0.2862,14733000,1779,1013,642,4,29,1,https://lastfm.freetls.fastly.net/i/u/300x300/3e9934e3815f2949acc34415d8931aea.jpg
73,Hype Boy,NewJeans,NewJeans 1st EP 'New Jeans',3392,220,218,41,1100,654,82,11000000,654000,4100000,0.631,0.0369,0.3338,15754000,1836,939,617,3,39,1,https://lastfm.freetls.fastly.net/i/u/300x300/6b11d36a21405b894d8b198e225edc09.png
74,UNNATURAL,WJSN,UNNATURAL,3349,214,206,49,1070,618,98,10700000,618000,4900000,0.56,0.0327,0.4084,16218000,1786,945,618,1,45,4,https://lastfm.freetls.fastly.net/i/u/300x300/6c4034fa4077886bed11a8208891d50e.jpg
75,All the Small Things,blink-182,Enema of the State,3321,214,213,27,1070,639,54,10700000,639000,2700000,0.7077,0.0427,0.2519,14039000,1763,952,606,2,26,2,https://lastfm.freetls.fastly.net/i/u/300x300/fa585497562506b87fd59b41dfc53ff7.jpg
76,Aliens Exist,blink-182,Enema of the State,3289,250,228,37,1250,684,74,12500000,684000,3700000,0.7137,0.0413,0.2433,16884000,2008,815,466,3,24,1,https://lastfm.freetls.fastly.net/i/u/300x300/fa585497562506b87fd59b41dfc53ff7.jpg
77,She's out of Her Mind,blink-182,California (Deluxe Edition),3250,212,194,27,1060,582,54,10600000,582000,2700000,0.6993,0.04,0.26,13882000,1696,947,607,2,15,2,https://lastfm.freetls.fastly.net/i/u/300x300/ccd85fcfa4370e1df83a67c7fa79096c.png
78,Because of You,Kelly Clarkson,Breakaway,3212,206,198,39,1030,594,78,10300000,594000,3900000,0.6565,0.0381,0.3068,14794000,1702,916,594,10,31,1,https://lastfm.freetls.fastly.net/i/u/300x300/82319aa62c8ffc147a31fae6c0cdb370.jpg
79,‘tis the damn season,Taylor Swift,evermore,3205,295,146,185,1475,438,370,14750000,438000,18500000,0.4706,0.0223,0.5079,33688000,2283,600,322,1,47,1,https://lastfm.freetls.fastly.net/i/u/300x300/f2f83759a50360ff954861c223a5e777.jpg
80,Beautiful Disaster,Kelly Clarkson,Thankful,3202,200,196,31,1000,588,62,10000000,588000,3100000,0.6574,0.0381,0.3041,13688000,1650,943,609,3,27,1,https://lastfm.freetls.fastly.net/i/u/300x300/0fcb0432dc2d1836a43530ee73ce006e.jpg
81,Good Riddance (Time of Your Life),Green Day,Nimrod,3195,214,203,51,1070,609,102,10700000,609000,5100000,0.6035,0.035,0.3623,16409000,1781,877,537,12,40,1,https://lastfm.freetls.fastly.net/i/u/300x300/cc7bcc37cf9f88e4700dfb9500d1b241.jpg
82,Lavender Haze,Taylor Swift,Midnights (3am Edition),3165,210,184,68,1050,552,136,10500000,552000,6800000,0.5297,0.0294,0.4411,17852000,1738,842,585,1,35,1,https://lastfm.freetls.fastly.net/i/u/300x300/8cf29cb75e6adfb8700b1665105a0ac8.jpg
83,Love Story (Taylor’s Version),Taylor Swift,Love Story (Taylor’s Version),3133,210,206,75,1050,618,150,10500000,618000,7500000,0.4823,0.0281,0.4902,18618000,1818,775,540,1,64,2,https://lastfm.freetls.fastly.net/i/u/300x300/3856d213e777106809c33f9a3d951d98.jpg
84,How You Get the Girl (Taylor's Version),Taylor Swift,1989 (Taylor's Version),3061,210,201,34,1050,603,68,10500000,603000,3400000,0.6492,0.0376,0.3128,14503000,1721,826,514,1,25,1,https://lastfm.freetls.fastly.net/i/u/300x300/f58d29605321bc6e1ee4da6ae5a0cb4a.jpg
85,Blue Flame,LE SSERAFIM,FEARLESS,3036,211,205,41,1055,615,82,10550000,615000,4100000,0.636,0.0374,0.328,15265000,1752,782,502,7,35,2,https://lastfm.freetls.fastly.net/i/u/300x300/e9241af49d5f63f63cf1b000a4276f46.png
86,Everything Has Changed (feat. Ed Sheeran) (Taylor’s Version),Taylor Swift,Red (Taylor's Version),3011,225,160,104,1125,480,208,11250000,480000,10400000,0.4788,0.0247,0.4974,22130000,1813,728,470,1,43,1,https://lastfm.freetls.fastly.net/i/u/300x300/a758908e6e86dcecbb199c4b19acb799.jpg
87,Bent,Matchbox Twenty,Mad Season,3007,187,186,18,935,558,36,9350000,558000,1800000,0.6965,0.0412,0.2612,11708000,1529,893,585,3,17,1,https://lastfm.freetls.fastly.net/i/u/300x300/168a070f9a7e74269cdff242cbe738a6.jpg
88,Don't Leave Me,blink-182,Enema of the State,2991,206,205,24,1030,615,48,10300000,615000,2400000,0.7352,0.0443,0.2187,13315000,1693,776,522,4,23,2,https://lastfm.freetls.fastly.net/i/u/300x300/fa585497562506b87fd59b41dfc53ff7.jpg
89,My Life Would Suck Without You,Kelly Clarkson,All I Ever Wanted,2960,193,193,38,965,579,76,9650000,579000,3800000,0.6176,0.0355,0.3463,14029000,1620,809,531,8,38,1,https://lastfm.freetls.fastly.net/i/u/300x300/6eb2d8d5b34d5744320e1a0e260085d9.png
90,Famous Last Words,My Chemical Romance,The Black Parade,2948,209,208,28,1045,624,56,10450000,624000,2800000,0.6511,0.0381,0.3111,13874000,1725,770,453,8,27,2,https://lastfm.freetls.fastly.net/i/u/300x300/7675defb2787ce67cd030081eb8ff77c.png
91,Cookie,NewJeans,NewJeans 1st EP 'New Jeans',2943,223,212,45,1115,636,90,11150000,636000,4500000,0.575,0.0344,0.3944,16286000,1841,705,397,1,34,1,https://lastfm.freetls.fastly.net/i/u/300x300/6b11d36a21405b894d8b198e225edc09.png
92,Miss Possessive,Tate McRae,So Close to What,2939,193,192,13,965,576,26,9650000,576000,1300000,0.8008,0.0475,0.15,11526000,1567,843,529,3,12,1,https://lastfm.freetls.fastly.net/i/u/300x300/2c927d26b092260dee2e79d4864c1de7.png
93,OMG,NewJeans,NewJeans 'OMG',2930,189,170,39,945,510,78,9450000,510000,3900000,0.608,0.035,0.3575,13860000,1533,841,556,1,20,2,https://lastfm.freetls.fastly.net/i/u/300x300/833e2b1c9df787fd2ad468b008be96e4.jpg
94,Motivation,Sum 41,All Killer No Filler,2922,184,179,22,920,537,44,9200000,537000,2200000,0.7012,0.0418,0.2559,11937000,1501,863,558,3,17,1,https://lastfm.freetls.fastly.net/i/u/300x300/dd9846d796fc425bbd8aecdc6129c7c2.png
95,I Miss You,blink-182,blink-182,2911,188,188,17,940,564,34,9400000,564000,1700000,0.7018,0.0418,0.2582,11664000,1538,842,531,3,17,2,https://lastfm.freetls.fastly.net/i/u/300x300/66f1cec75fe04b7c869712c55fd24528.png
96,Cruel Summer,Taylor Swift,Lover,2910,252,203,99,1260,609,198,12600000,609000,9900000,0.476,0.026,0.5,23109000,2067,607,236,1,53,2,https://lastfm.freetls.fastly.net/i/u/300x300/d3f083370c371a3ba1cddafaf193c27d.jpg
97,Before Your Love,Kelly Clarkson,Thankful,2903,180,180,26,900,540,52,9000000,540000,2600000,0.6346,0.0385,0.3262,12140000,1492,855,556,5,26,2,https://lastfm.freetls.fastly.net/i/u/300x300/0fcb0432dc2d1836a43530ee73ce006e.jpg
98,The Feels,TWICE,The Feels,2900,194,188,56,970,564,112,9700000,564000,5600000,0.5628,0.033,0.4059,15864000,1646,767,487,4,46,1,https://lastfm.freetls.fastly.net/i/u/300x300/552af1ac0196834b7e283d70e23a8863.jpg
99,Hurt,NewJeans,NewJeans 1st EP 'New Jeans',2898,205,205,31,1025,615,62,10250000,615000,3100000,0.5939,0.0358,0.3732,13965000,1702,751,445,4,31,2,https://lastfm.freetls.fastly.net/i/u/300x300/6b11d36a21405b894d8b198e225edc09.png
100,It's OK I'm OK,Tate McRae,So Close to What,2892,189,188,13,945,564,26,9450000,564000,1300000,0.8017,0.0475,0.15,11314000,1535,833,524,5,12,4,https://lastfm.freetls.fastly.net/i/u/300x300/2c927d26b092260dee2e79d4864c1de7.png
101,The Story of Us (Taylor's Version),Taylor Swift,Speak Now (Taylor's Version),2863,217,111,90,1085,333,180,10850000,333000,9000000,0.5444,0.0292,0.4276,20183000,1598,772,493,1,25,1,https://lastfm.freetls.fastly.net/i/u/300x300/caa5a586b599869e10542593928b5fdf.jpg
102,One Eyed Bastard,Green Day,One eyed Bastard,2802,184,183,29,920,549,58,9200000,549000,2900000,0.6157,0.0368,0.3461,12649000,1527,781,494,5,28,1,https://lastfm.freetls.fastly.net/i/u/300x300/c938c6b847badc179e6a8fe99f9c4efb.jpg
103,ANTIFRAGILE,LE SSERAFIM,ANTIFRAGILE,2791,199,173,64,995,519,128,9950000,519000,6400000,0.5442,0.0289,0.4269,16869000,1642,708,441,2,36,1,https://lastfm.freetls.fastly.net/i/u/300x300/47403415f97336603c88ea4c1062d4b1.jpg
104,Intertwined,dodie,Intertwined - EP,2789,214,51,181,1070,153,362,10700000,153000,18100000,0.4739,0.0256,0.5028,28953000,1585,753,451,1,18,2,https://lastfm.freetls.fastly.net/i/u/300x300/24096bf7dd7265f39cc806ab6cf8d89e.jpg
105,ELEVEN,IVE,ELEVEN,2777,184,174,40,920,522,80,9200000,522000,4000000,0.6003,0.0344,0.3671,13722000,1522,769,486,1,34,1,https://lastfm.freetls.fastly.net/i/u/300x300/df2093a56e91ae377d451d6b62a8088b.png
106,Saviors,Green Day,Saviors,2776,209,207,25,1045,621,50,10450000,621000,2500000,0.6878,0.0404,0.2722,13571000,1716,657,403,7,23,3,https://lastfm.freetls.fastly.net/i/u/300x300/f574fa1b6a5f8b213d5bff91d4273d29.jpg
107,A Thousand Miles,Vanessa Carlton,Be Not Nobody,2763,188,139,58,940,417,116,9400000,417000,5800000,0.6062,0.0331,0.3593,15617000,1473,782,508,1,29,2,https://lastfm.freetls.fastly.net/i/u/300x300/62a0ec15fbd68ceff61bbdd720aebb4c.jpg
108,The American Dream Is Killing Me,Green Day,The American Dream Is Killing Me,2740,181,181,32,905,543,64,9050000,543000,3200000,0.5991,0.0356,0.365,12793000,1512,759,469,3,32,1,https://lastfm.freetls.fastly.net/i/u/300x300/975ea3f43c8b8ef8d079de52ed14fec4.jpg
109,The Sharpest Lives,My Chemical Romance,The Black Parade,2740,187,187,29,935,561,58,9350000,561000,2900000,0.6152,0.0362,0.3483,12811000,1554,740,446,4,29,2,https://lastfm.freetls.fastly.net/i/u/300x300/7675defb2787ce67cd030081eb8ff77c.png
110,All You Had to Do Was Stay (Taylor's Version),Taylor Swift,1989 (Taylor's Version),2719,190,190,23,950,570,46,9500000,570000,2300000,0.6704,0.0391,0.2909,12370000,1566,720,433,3,23,1,https://lastfm.freetls.fastly.net/i/u/300x300/f58d29605321bc6e1ee4da6ae5a0cb4a.jpg
111,Coma City,Green Day,Saviors,2708,185,185,27,925,555,54,9250000,555000,2700000,0.6281,0.037,0.337,12505000,1534,735,439,14,27,1,https://lastfm.freetls.fastly.net/i/u/300x300/f574fa1b6a5f8b213d5bff91d4273d29.jpg
112,The Great Mermaid,LE SSERAFIM,FEARLESS,2698,179,178,30,895,534,60,8950000,534000,3000000,0.6479,0.0379,0.3131,12484000,1489,738,471,4,29,1,https://lastfm.freetls.fastly.net/i/u/300x300/e9241af49d5f63f63cf1b000a4276f46.png
113,Fat Lip,Sum 41,All Killer No Filler,2690,170,169,16,850,507,32,8500000,507000,1600000,0.722,0.042,0.2333,10607000,1389,783,518,2,15,1,https://lastfm.freetls.fastly.net/i/u/300x300/dd9846d796fc425bbd8aecdc6129c7c2.png
114,Kung 'Di Rin Lang Ikaw,December Avenue,Kung 'Di Rin Lang Ikaw,2689,212,144,86,1060,432,172,10600000,432000,8600000,0.5519,0.0291,0.4191,19632000,1664,629,396,1,32,1,https://lastfm.freetls.fastly.net/i/u/300x300/24e29361148bd6247de1b76880374fcb.png
115,Goodnight Adeline,Green Day,Saviors,2675,179,178,27,895,534,54,8950000,534000,2700000,0.6277,0.0369,0.3358,12184000,1483,728,464,16,26,1,https://lastfm.freetls.fastly.net/i/u/300x300/f574fa1b6a5f8b213d5bff91d4273d29.jpg
116,The Bolter,Taylor Swift,THE TORTURED POETS DEPARTMENT: THE ANTHOLOGY,2663,192,182,37,960,546,74,9600000,546000,3700000,0.63,0.0367,0.3344,13846000,1580,692,391,7,27,1,https://lastfm.freetls.fastly.net/i/u/300x300/3e9934e3815f2949acc34415d8931aea.jpg
117,Fearless (Taylor’s Version),Taylor Swift,Fearless (Taylor's Version),2624,221,183,62,1105,549,124,11050000,549000,6200000,0.5097,0.0278,0.4633,17799000,1778,554,292,1,36,1,https://lastfm.freetls.fastly.net/i/u/300x300/1aaa3638ee0bfee0ba8089c78ad63b26.jpg
118,happiness,Taylor Swift,evermore,2616,219,157,124,1095,471,248,10950000,471000,12400000,0.4567,0.025,0.5195,23821000,1814,545,257,2,60,3,https://lastfm.freetls.fastly.net/i/u/300x300/f2f83759a50360ff954861c223a5e777.jpg
119,ESPRESSO,TWICE,Formula of Love: O+T=<3,2603,192,156,45,960,468,90,9600000,468000,4500000,0.6496,0.035,0.3167,14568000,1518,671,414,2,24,1,https://lastfm.freetls.fastly.net/i/u/300x300/799889a45a0aed866919708e1c6913a2.jpg
120,I Wish You Would (Taylor's Version),Taylor Swift,1989 (Taylor's Version),2602,209,147,71,1045,441,142,10450000,441000,7100000,0.5421,0.0258,0.4347,17991000,1628,587,387,3,19,1,https://lastfm.freetls.fastly.net/i/u/300x300/f58d29605321bc6e1ee4da6ae5a0cb4a.jpg
121,Alapaap,Eraserheads,Circus,2600,197,111,78,985,333,156,9850000,333000,7800000,0.5583,0.0297,0.413,17983000,1474,696,430,2,30,1,https://lastfm.freetls.fastly.net/i/u/300x300/377b34acbbb94e1081b9701d16f809a7.png
122,POP!,NAYEON,IM NAYEON,2585,168,168,29,840,504,58,8400000,504000,2900000,0.6234,0.0369,0.34,11804000,1402,720,463,4,29,2,https://lastfm.freetls.fastly.net/i/u/300x300/d842bea788c1c3fca32b00a4c3557b10.jpg
123,Juno,Sabrina Carpenter,Short n' Sweet,2580,181,178,27,905,534,54,9050000,534000,2700000,0.6621,0.0388,0.2996,12284000,1493,648,439,4,24,1,https://lastfm.freetls.fastly.net/i/u/300x300/9ba24340be42673d5301c97cc5259a5e.png
124,Sour Grapes,LE SSERAFIM,FEARLESS,2556,181,172,36,905,516,72,9050000,516000,3600000,0.6507,0.037,0.3119,13166000,1493,654,409,6,27,1,https://lastfm.freetls.fastly.net/i/u/300x300/e9241af49d5f63f63cf1b000a4276f46.png
125,Down,blink-182,blink-182,2544,191,174,27,955,522,54,9550000,522000,2700000,0.7138,0.0408,0.2438,12772000,1531,670,343,1,13,2,https://lastfm.freetls.fastly.net/i/u/300x300/66f1cec75fe04b7c869712c55fd24528.png
126,Worry Rock,Green Day,Nimrod,2511,192,186,31,960,558,62,9600000,558000,3100000,0.6556,0.038,0.3076,13258000,1580,564,367,2,25,1,https://lastfm.freetls.fastly.net/i/u/300x300/cc7bcc37cf9f88e4700dfb9500d1b241.jpg
127,My Satisfaction,IVE,After LIKE,2493,168,167,20,840,501,40,8400000,501000,2000000,0.6658,0.0389,0.2963,10901000,1381,678,434,1,19,1,https://lastfm.freetls.fastly.net/i/u/300x300/28ef1a80f80920cb8c84192ad66f8aac.jpg
128,Make Your Own Kind of Music,Cass Elliot,Mama's Big Ones,2488,165,115,47,825,345,94,8250000,345000,4700000,0.6233,0.0361,0.34,13295000,1264,740,484,1,18,1,https://lastfm.freetls.fastly.net/i/u/300x300/fff816b202933bfbb01074219a88866a.png
129,A Moment Like This,Kelly Clarkson,Thankful,2418,153,153,20,765,459,40,7650000,459000,2000000,0.6535,0.039,0.3055,10109000,1264,705,449,3,20,1,https://lastfm.freetls.fastly.net/i/u/300x300/0fcb0432dc2d1836a43530ee73ce006e.jpg
130,Dance Dance,Fall Out Boy,From Under the Cork Tree,2404,154,154,22,770,462,44,7700000,462000,2200000,0.6959,0.0418,0.2614,10362000,1276,682,446,6,22,1,https://lastfm.freetls.fastly.net/i/u/300x300/73ff2d6aea6d465ac6b9a697ce4c6168.png
131,Sk8er Boi,Avril Lavigne,Let Go,2388,159,159,31,795,477,62,7950000,477000,3100000,0.5903,0.0355,0.3748,11527000,1334,650,404,7,31,1,https://lastfm.freetls.fastly.net/i/u/300x300/2f55e4ac3c60dfbd01d6ac2e5c11ca39.jpg
132,Homecoming,Green Day,American Idiot,2385,163,160,31,815,480,62,8150000,480000,3100000,0.6161,0.0361,0.3493,11730000,1357,620,408,4,28,1,https://lastfm.freetls.fastly.net/i/u/300x300/5bcb675866706c229ad9f77188b8ac44.jpg
133,Unwell,Matchbox Twenty,More Than You Think You Are,2381,197,175,51,985,525,102,9850000,525000,5100000,0.5734,0.0322,0.395,15475000,1612,502,267,7,32,1,https://lastfm.freetls.fastly.net/i/u/300x300/daa17282a85d8e8f783ca5cd1c873638.jpg
134,Mobile,Avril Lavigne,Let Go,2364,166,149,27,830,447,54,8300000,447000,2700000,0.6858,0.04,0.2763,11447000,1331,644,389,1,19,1,https://lastfm.freetls.fastly.net/i/u/300x300/2f55e4ac3c60dfbd01d6ac2e5c11ca39.jpg
135,I Bet You Think About Me (feat. Chris Stapleton) (Taylor’s Version) (From the Vault),Taylor Swift,Red (Taylor's Version),2359,175,154,70,875,462,140,8750000,462000,7000000,0.5161,0.0284,0.4573,16212000,1477,518,364,2,49,3,https://lastfm.freetls.fastly.net/i/u/300x300/a758908e6e86dcecbb199c4b19acb799.jpg
136,Jesus of Suburbia,Green Day,American Idiot,2329,184,175,39,920,525,78,9200000,525000,3900000,0.6187,0.0353,0.3467,13625000,1523,442,364,11,30,1,https://lastfm.freetls.fastly.net/i/u/300x300/5bcb675866706c229ad9f77188b8ac44.jpg
137,Snow on the Beach (feat. more Lana Del Rey),Taylor Swift,Midnights (The Til Dawn Edition),2304,160,84,89,800,252,178,8000000,252000,8900000,0.4577,0.0238,0.52,17152000,1230,658,416,1,13,2,https://lastfm.freetls.fastly.net/i/u/300x300/10c6e02743956727145fcada8d5cc73a.jpg
138,Geek Stink Breath,Green Day,Insomniac,2303,164,117,63,820,351,126,8200000,351000,6300000,0.5618,0.03,0.4091,14851000,1297,612,394,6,22,1,https://lastfm.freetls.fastly.net/i/u/300x300/1a2cd1a286cc134cc531b23d727d66cf.jpg
139,Miss Independent,Kelly Clarkson,Thankful,2302,147,146,22,735,438,44,7350000,438000,2200000,0.6486,0.0386,0.3124,9988000,1217,657,428,9,21,2,https://lastfm.freetls.fastly.net/i/u/300x300/0fcb0432dc2d1836a43530ee73ce006e.jpg
140,imgonnagetyouback,Taylor Swift,THE TORTURED POETS DEPARTMENT: THE ANTHOLOGY,2296,154,152,22,770,456,44,7700000,456000,2200000,0.662,0.0385,0.2995,10356000,1270,630,396,10,20,1,https://lastfm.freetls.fastly.net/i/u/300x300/3e9934e3815f2949acc34415d8931aea.jpg
141,Anti-Hero,Taylor Swift,Midnights,2295,160,143,61,800,429,122,8000000,429000,6100000,0.463,0.0265,0.5132,14529000,1351,568,376,2,37,1,https://lastfm.freetls.fastly.net/i/u/300x300/8914bab2a0e4e454c6892f151d57208f.png
142,As you Wish,WJSN,As You Wish,2292,155,149,33,775,447,66,7750000,447000,3300000,0.6057,0.0343,0.3614,11497000,1288,615,389,1,28,1,https://lastfm.freetls.fastly.net/i/u/300x300/e8bfa5719141259e500e2dd7a6941825.jpg
143,Happy,WJSN,Happy Moment,2273,151,150,43,755,450,86,7550000,450000,4300000,0.481,0.0283,0.4924,12300000,1291,609,373,2,41,2,https://lastfm.freetls.fastly.net/i/u/300x300/868a93c3b162606752f4a96a698d488c.jpg
144,favOriTe,Loona,FavOriTe,2259,161,141,65,805,423,130,8050000,423000,6500000,0.488,0.0283,0.4857,14973000,1358,549,352,3,35,2,https://lastfm.freetls.fastly.net/i/u/300x300/8da1a6b9d8ba2beb74ec5b3d76b7cdab.jpg
145,The Black Dog,Taylor Swift,THE TORTURED POETS DEPARTMENT: THE ANTHOLOGY,2258,148,139,23,740,417,46,7400000,417000,2300000,0.6489,0.0372,0.3139,10117000,1203,646,409,1,18,1,https://lastfm.freetls.fastly.net/i/u/300x300/3e9934e3815f2949acc34415d8931aea.jpg
146,Dreams Come True,WJSN,Dream Your Dream,2249,139,136,29,695,408,58,6950000,408000,2900000,0.6,0.0344,0.3652,10258000,1161,660,428,2,25,1,https://lastfm.freetls.fastly.net/i/u/300x300/be7b2cdbb3c96961e24a8a98d671d3f8.jpg
147,Feel My Rhythm,Red Velvet,‘The ReVe Festival 2022 - Feel My Rhythm’,2242,153,142,38,765,426,76,7650000,426000,3800000,0.6037,0.0353,0.3623,11876000,1267,571,404,7,30,1,https://lastfm.freetls.fastly.net/i/u/300x300/9812fcb0317a46ef41fb79af1243a27e.jpg
148,Forever Winter (Taylor's Version) (From the Vault),Taylor Swift,Red (Taylor's Version),2223,164,122,85,820,366,170,8200000,366000,8500000,0.5018,0.0275,0.4716,17066000,1356,534,333,1,44,8,https://lastfm.freetls.fastly.net/i/u/300x300/a758908e6e86dcecbb199c4b19acb799.jpg
149,State of Grace (Taylor's Version),Taylor Swift,Red (Taylor's Version),2209,163,141,72,815,423,144,8150000,423000,7200000,0.4652,0.0254,0.51,15773000,1382,488,339,3,50,1,https://lastfm.freetls.fastly.net/i/u/300x300/a758908e6e86dcecbb199c4b19acb799.jpg
150,Bad Blood (feat. Kendrick Lamar) (Taylor's Version),Taylor Swift,1989 (Taylor's Version) [Deluxe],2198,154,120,46,770,360,92,7700000,360000,4600000,0.6383,0.0356,0.3261,12660000,1222,607,369,5,18,1,https://lastfm.freetls.fastly.net/i/u/300x300/a5dec73be71cde57d1bd4c97cc0c2699.jpg
151,Question...?,Taylor Swift,Midnights (3am Edition),2196,156,139,53,780,417,106,7800000,417000,5300000,0.5012,0.0288,0.4712,13517000,1303,537,356,6,34,1,https://lastfm.freetls.fastly.net/i/u/300x300/8cf29cb75e6adfb8700b1665105a0ac8.jpg
152,Corvette Summer,Green Day,Saviors,2196,148,148,25,740,444,50,7400000,444000,2500000,0.61,0.0356,0.3524,10344000,1234,590,372,16,25,1,https://lastfm.freetls.fastly.net/i/u/300x300/f574fa1b6a5f8b213d5bff91d4273d29.jpg
153,Vigilante Shit,Taylor Swift,Midnights (3am Edition),2189,159,148,53,795,444,106,7950000,444000,5300000,0.5079,0.0295,0.4645,13694000,1345,535,309,3,38,1,https://lastfm.freetls.fastly.net/i/u/300x300/8cf29cb75e6adfb8700b1665105a0ac8.jpg
154,Snow on the Beach (feat. Lana Del Rey),Taylor Swift,Midnights (3am Edition),2186,144,144,29,720,432,58,7200000,432000,2900000,0.5468,0.0316,0.4236,10532000,1210,606,370,2,25,1,https://lastfm.freetls.fastly.net/i/u/300x300/8cf29cb75e6adfb8700b1665105a0ac8.jpg
155,august,Taylor Swift,folklore,2169,181,124,75,905,372,150,9050000,372000,7500000,0.4697,0.0258,0.5061,16922000,1427,475,267,1,31,1,https://lastfm.freetls.fastly.net/i/u/300x300/7283dedc810f971388eba0b710d90020.png
156,Give Me Novacaine / She's a Rebel,Green Day,American Idiot,2161,156,156,17,780,468,34,7800000,468000,1700000,0.72,0.0431,0.24,9968000,1282,544,335,12,16,1,https://lastfm.freetls.fastly.net/i/u/300x300/5bcb675866706c229ad9f77188b8ac44.jpg
157,Holiday,Green Day,American Idiot,2150,151,150,31,755,450,62,7550000,450000,3100000,0.6055,0.0365,0.3595,11100000,1267,534,349,5,20,1,https://lastfm.freetls.fastly.net/i/u/300x300/5bcb675866706c229ad9f77188b8ac44.jpg
158,When I Come Around,Green Day,Dookie,2149,143,143,20,715,429,40,7150000,429000,2000000,0.6455,0.0365,0.3175,9579000,1184,593,372,1,20,1,https://lastfm.freetls.fastly.net/i/u/300x300/2248e72411992639ffa8ab94ba97a631.jpg
159,In My Dreams,Red Velvet,‘The ReVe Festival 2022 - Feel My Rhythm’,2148,156,138,36,780,414,72,7800000,414000,3600000,0.6141,0.0344,0.3507,11814000,1266,529,353,3,27,1,https://lastfm.freetls.fastly.net/i/u/300x300/9812fcb0317a46ef41fb79af1243a27e.jpg
160,Huwag Na Huwag Mong Sasabihin...,Kitchie Nadal,Kitchie Nadal,2146,158,127,49,790,381,98,7900000,381000,4900000,0.5358,0.03,0.4367,13181000,1269,542,335,4,24,1,https://lastfm.freetls.fastly.net/i/u/300x300/eaf969cd1dc992b0f13243f7703dfb29.jpg
161,Suffocate,Green Day,Shenanigans,2129,152,148,20,760,444,40,7600000,444000,2000000,0.6931,0.0413,0.2669,10044000,1244,565,320,4,16,2,https://lastfm.freetls.fastly.net/i/u/300x300/50c08033a81149c2c980f1c1a52b332d.jpg
162,Welcome to Paradise,Green Day,Dookie,2121,139,137,46,695,411,92,6950000,411000,4600000,0.5407,0.0326,0.4293,11961000,1198,557,366,29,27,1,https://lastfm.freetls.fastly.net/i/u/300x300/2248e72411992639ffa8ab94ba97a631.jpg
163,Are We the Waiting / St. Jimmy,Green Day,American Idiot,2120,153,152,15,765,456,30,7650000,456000,1500000,0.7386,0.0429,0.2193,9606000,1251,562,307,8,14,1,https://lastfm.freetls.fastly.net/i/u/300x300/5bcb675866706c229ad9f77188b8ac44.jpg
164,Purple Lace Bra,Tate McRae,So Close to What,2094,141,141,8,705,423,16,7050000,423000,800000,0.7863,0.0475,0.1663,8273000,1144,595,355,6,8,2,https://lastfm.freetls.fastly.net/i/u/300x300/2c927d26b092260dee2e79d4864c1de7.png
165,Lips of an Angel,Hinder,Extreme Behavior,2083,167,154,38,835,462,76,8350000,462000,3800000,0.6015,0.0335,0.3642,12612000,1373,441,269,11,26,1,https://lastfm.freetls.fastly.net/i/u/300x300/73f0bcf49b8d468ce3e00b2ef71f831e.jpg
166,Karma,Taylor Swift,Midnights (3am Edition),2082,157,122,72,785,366,144,7850000,366000,7200000,0.4683,0.0253,0.5083,15416000,1295,478,309,3,36,1,https://lastfm.freetls.fastly.net/i/u/300x300/8cf29cb75e6adfb8700b1665105a0ac8.jpg
167,Obvious,blink-182,blink-182,2078,129,129,14,645,387,28,6450000,387000,1400000,0.63,0.0371,0.3329,8237000,1060,614,404,5,14,2,https://lastfm.freetls.fastly.net/i/u/300x300/66f1cec75fe04b7c869712c55fd24528.png
168,New Jeans,NewJeans,NewJeans 'Super Shy',2076,140,140,16,700,420,32,7000000,420000,1600000,0.59,0.0329,0.3786,9020000,1152,566,358,1,14,1,https://lastfm.freetls.fastly.net/i/u/300x300/66fe635dbccc4d19c4873ee47c670061.gif
169,Buddy Holly,Weezer,Weezer,2065,141,133,28,705,399,56,7050000,399000,2800000,0.667,0.039,0.293,10249000,1160,557,348,5,20,1,https://lastfm.freetls.fastly.net/i/u/300x300/82dea2ae26de9b443208cf21358c876f.jpg
170,She,dodie,Human,2059,161,161,48,805,483,96,8050000,483000,4800000,0.5477,0.0321,0.4215,13333000,1384,412,263,2,48,1,https://lastfm.freetls.fastly.net/i/u/300x300/16a2bfc7c351cdb1998f08ee1fc07328.jpg
171,You're on Your Own Kid,Taylor Swift,Midnights (3am Edition),2055,143,124,56,715,372,112,7150000,372000,5600000,0.4791,0.0269,0.4966,13122000,1199,528,328,4,32,1,https://lastfm.freetls.fastly.net/i/u/300x300/8cf29cb75e6adfb8700b1665105a0ac8.jpg
172,Adam's Song,blink-182,Enema of the State,2049,136,136,17,680,408,34,6800000,408000,1700000,0.7335,0.0441,0.2206,8908000,1122,555,372,8,17,1,https://lastfm.freetls.fastly.net/i/u/300x300/fa585497562506b87fd59b41dfc53ff7.jpg
173,HUMAN,dodie,Human,2046,182,163,68,910,489,136,9100000,489000,6800000,0.5145,0.0298,0.4571,16389000,1535,354,157,5,49,1,https://lastfm.freetls.fastly.net/i/u/300x300/16a2bfc7c351cdb1998f08ee1fc07328.jpg
174,TANK,NMIXX,AD MARE,2046,147,141,33,735,423,66,7350000,423000,3300000,0.6196,0.0367,0.3426,11073000,1224,497,325,8,27,1,https://lastfm.freetls.fastly.net/i/u/300x300/86ebef5446dd101ceb6cd84b26e5769a.jpg
175,Can't Keep My Hands Off You (feat. Rivers Cuomo),Simple Plan,Get Your Heart On! (Deluxe Edition),2035,146,146,5,730,438,10,7300000,438000,500000,0.826,0.05,0.126,8238000,1178,549,308,1,5,3,https://lastfm.freetls.fastly.net/i/u/300x300/30a16584138b41e8b8753314724c12b0.jpg
176,Thnks fr th Mmrs,Fall Out Boy,Infinity on High,2016,127,126,18,635,378,36,6350000,378000,1800000,0.6871,0.0418,0.2694,8528000,1049,587,380,7,17,1,https://lastfm.freetls.fastly.net/i/u/300x300/b01817dacd044f7d9389e6b69933330b.png
177,The Albatross,Taylor Swift,THE TORTURED POETS DEPARTMENT: THE ANTHOLOGY,1996,140,138,22,700,414,44,7000000,414000,2200000,0.6535,0.0395,0.3095,9614000,1158,519,319,15,20,1,https://lastfm.freetls.fastly.net/i/u/300x300/3e9934e3815f2949acc34415d8931aea.jpg
178,Boulevard of Broken Dreams,Green Day,American Idiot,1992,154,150,31,770,450,62,7700000,450000,3100000,0.621,0.037,0.3435,11250000,1282,449,261,6,20,1,https://lastfm.freetls.fastly.net/i/u/300x300/5bcb675866706c229ad9f77188b8ac44.jpg
179,Save Me Save You,WJSN,WJ Please? - EP,1987,125,122,31,625,366,62,6250000,366000,3100000,0.5626,0.033,0.4037,9716000,1053,570,364,6,27,1,https://lastfm.freetls.fastly.net/i/u/300x300/4ef6ddcf5975935159869256944d5dc3.jpg
180,Strange Days Are Here to Stay,Green Day,Saviors,1985,133,131,26,665,393,52,6650000,393000,2600000,0.5833,0.0338,0.3846,9643000,1110,538,337,19,24,1,https://lastfm.freetls.fastly.net/i/u/300x300/f574fa1b6a5f8b213d5bff91d4273d29.jpg
181,Platypus (I Hate You),Green Day,Nimrod,1983,129,127,24,645,381,48,6450000,381000,2400000,0.6236,0.0359,0.3427,9231000,1074,556,353,14,22,1,https://lastfm.freetls.fastly.net/i/u/300x300/cc7bcc37cf9f88e4700dfb9500d1b241.jpg
182,May These Noises Startle You in Your Sleep Tonight,Pierce the Veil,Collide With the Sky,1977,147,145,10,735,435,20,7350000,435000,1000000,0.785,0.0462,0.1675,8785000,1190,520,267,3,8,2,https://lastfm.freetls.fastly.net/i/u/300x300/557643a8faaa35768cb6088f576fed30.jpg
183,The End.,My Chemical Romance,The Black Parade,1966,134,134,25,670,402,50,6700000,402000,2500000,0.6148,0.0364,0.35,9602000,1122,519,325,8,25,1,https://lastfm.freetls.fastly.net/i/u/300x300/7675defb2787ce67cd030081eb8ff77c.png
184,Favorite Son,Green Day,21 Guns (DMD Maxi),1957,143,90,29,715,270,58,7150000,270000,2900000,0.6662,0.0362,0.2987,10320000,1043,561,353,1,8,2,https://lastfm.freetls.fastly.net/i/u/300x300/5f1106fadc9b89166d13295fb0c1ebb5.jpg
185,Know Your Enemy,Green Day,21st Century Breakdown,1953,142,140,27,710,420,54,7100000,420000,2700000,0.6352,0.0364,0.328,10220000,1184,465,304,17,25,1,https://lastfm.freetls.fastly.net/i/u/300x300/72a314e1e9064a0418159b144fe1ad72.jpg
186,I’m Trying (Not Friends),Maisie Peters,You Signed Up For This,1948,148,123,50,740,369,100,7400000,369000,5000000,0.5375,0.0293,0.4336,12769000,1209,436,303,1,28,1,https://lastfm.freetls.fastly.net/i/u/300x300/1897b73a7f3738702c40a27c84dbca99.jpg
187,Hell Above,Pierce the Veil,Collide With the Sky,1947,145,145,8,725,435,16,7250000,435000,800000,0.8088,0.0475,0.1412,8485000,1176,509,262,2,8,1,https://lastfm.freetls.fastly.net/i/u/300x300/557643a8faaa35768cb6088f576fed30.jpg
188,Holiday / Boulevard of Broken Dreams,Green Day,American Idiot,1939,139,139,18,695,417,36,6950000,417000,1800000,0.7017,0.0411,0.2561,9167000,1148,475,316,5,18,1,https://lastfm.freetls.fastly.net/i/u/300x300/5bcb675866706c229ad9f77188b8ac44.jpg
189,Ignorance,Paramore,brand new eyes,1930,121,120,16,605,360,32,6050000,360000,1600000,0.7073,0.042,0.248,8010000,997,567,366,4,15,1,https://lastfm.freetls.fastly.net/i/u/300x300/8935ea2d777c8f2f5f3c7a8f521ea9fb.png
190,Super Shy,NewJeans,NewJeans 'Super Shy',1909,137,133,19,685,399,38,6850000,399000,1900000,0.5925,0.0325,0.3758,9149000,1122,494,293,2,12,1,https://lastfm.freetls.fastly.net/i/u/300x300/66fe635dbccc4d19c4873ee47c670061.gif
191,Give Me Novacaine,Green Day,American Idiot,1860,130,130,25,650,390,50,6500000,390000,2500000,0.5852,0.0352,0.3817,9390000,1090,455,315,9,23,2,https://lastfm.freetls.fastly.net/i/u/300x300/5bcb675866706c229ad9f77188b8ac44.jpg
192,Easy Target,blink-182,blink-182,1845,126,107,28,630,321,56,6300000,321000,2800000,0.7267,0.0433,0.2311,9421000,1007,523,315,8,9,1,https://lastfm.freetls.fastly.net/i/u/300x300/66f1cec75fe04b7c869712c55fd24528.png
193,I know love (feat. The Kid LAROI),Tate McRae,So Close to What,1839,131,131,7,655,393,14,6550000,393000,700000,0.8371,0.05,0.1129,7643000,1062,494,283,4,7,1,https://lastfm.freetls.fastly.net/i/u/300x300/2c927d26b092260dee2e79d4864c1de7.png
194,Shake It,Loona,<Queendom2> Part.2-1,1825,114,105,26,570,315,52,5700000,315000,2600000,0.6082,0.0353,0.3541,8615000,937,538,350,1,17,3,https://lastfm.freetls.fastly.net/i/u/300x300/388cec2925f386536ebf4ad510714da9.jpg
195,She's a Rebel,Green Day,American Idiot,1811,142,142,24,710,426,48,7100000,426000,2400000,0.6319,0.0376,0.3314,9926000,1184,388,239,7,21,1,https://lastfm.freetls.fastly.net/i/u/300x300/5bcb675866706c229ad9f77188b8ac44.jpg
196,Cate’s Brother,Maisie Peters,Cate’s Brother,1808,127,88,52,635,264,104,6350000,264000,5200000,0.5481,0.0294,0.4238,11814000,1003,494,311,2,16,3,https://lastfm.freetls.fastly.net/i/u/300x300/860725da15e4dd42f642ed3328d669c7.jpg
197,Behind These Hazel Eyes,Kelly Clarkson,Breakaway,1802,142,131,42,710,393,84,7100000,393000,4200000,0.5958,0.0342,0.3703,11693000,1187,390,225,33,31,1,https://lastfm.freetls.fastly.net/i/u/300x300/82319aa62c8ffc147a31fae6c0cdb370.jpg
198,New Romantics (Taylor's Version),Taylor Swift,1989 (Taylor's Version),1800,136,127,26,680,381,52,6800000,381000,2600000,0.5953,0.0329,0.3741,9781000,1113,422,265,7,17,1,https://lastfm.freetls.fastly.net/i/u/300x300/f58d29605321bc6e1ee4da6ae5a0cb4a.jpg
199,bloodonmyhands (feat. Flo Milli),Tate McRae,So Close to What,1799,125,124,8,625,372,16,6250000,372000,800000,0.7829,0.0443,0.1729,7422000,1013,492,294,3,7,1,https://lastfm.freetls.fastly.net/i/u/300x300/2c927d26b092260dee2e79d4864c1de7.png
200,St. Jimmy,Green Day,American Idiot,1796,130,129,24,650,387,48,6500000,387000,2400000,0.6221,0.0374,0.3426,9287000,1085,429,282,8,19,1,https://lastfm.freetls.fastly.net/i/u/300x300/5bcb675866706c229ad9f77188b8ac44.jpg
